date,note,avis
19/11/2025,5/5,Jamais dÃ©Ã§u par le groupe Darty
19/11/2025,5/5,"Rapide et pratique
Facile de naviguer sur le site. Livraison rapide et les produits sont bien protÃ©gÃ©s pour le transport"
19/11/2025,5/5,Comme dâ€™habitude je ne suis pas dÃ©Ã§u.
19/11/2025,1/5,"Darty les rois du Dropshipping
Darty les rois du Dropshipping
Achat sur le site Darty d'un produit en stock et retrait en magasin .
9 jours aprÃ¨s mail de retard de retrait de marchandises au magasin
13 jours aprÃ¨s annulation automatique de la commande par Darty sans prÃ©alablement en avertir l'acheteur par mail d'avertissement d'annulation de la achat qui a Ã©tÃ© payÃ© avec le remboursement immÃ©diat .
Ã€ vous de vous dÃ©brouiller pour essayer d'avoir un service commercial par tÃ©lÃ©phone pour avoir des informations qu'ils auraient dÃ» Ãªtre transmis par leur service surtout quand il s'agit d'annulation de commande et de remboursement.
Service client contactÃ© par tÃ©lÃ©phone qui vous raccroche au nez pour pas fournir d'explication d'avoir vendu un produit en stock avec un stock inexistant et quand vous demandez quand est-ce que vous allez Ãªtre remboursÃ©.
Ce qu'on peut considÃ©rer comme de la vente trompeuse sur un stock qui n'existe pas et non disponible .
17 jours d'attente pour rien et toujours pas remboursÃ© . Aucune prise de contact par le service clientÃ¨le ou commerciale pour traiter les dossiers . Ã€ part une pseudo plateforme service client qui vous donne aucune information et qui se permet quand c'est trop long de raccrocher . Tout simplement des pratiques qui sont scandaleuses pour une enseigne comme Darty /fnac . Vente articles Ã  outrance pour garder les paiements pendant plus de 17 jours . Histoire que vous n'aviez pas acheter dans une autre enseigne entre-temps et s'ils ont Ã©ventuellement le produit ils vous le le donne avec 17 jours de retard et s'ils ne l'ont pas il annule Ã  vous de vous dÃ©brouiller pour acheter l'article vous faire rembourser , aucun incident pour eux ,aucun risque , aucune perte.
Il voulait sans le moyen de pouvoir aller acheter le produit ailleurs dans une autre enseigne puisqu'il reste 15jours jour sans annuler votre commande .
Cela fait deux fois dÃ©jÃ  que je suis confrontÃ© Ã  Ã§a une fois sur Darty une fois sur la FNAC nous allons envoyer un lettre recommandÃ© pour tromperie sur vente en dropshipping . Pratique fait par ses deux enseignes tout simplement scandaleuses . Avec un service commercial et service client tout simplement inexistant . Et qui en plus se permettre de ne pas respecter leurs clientÃ¨le . Plateforme Darty/ Fnac Ã  fuir absolument , si vous achetez pas sur place en direct et reparti avec votre produit ne pas aller dans ses enseignes.
Je laisse le numÃ©ro de commande il serait capable de dire que la vente n'a jamais eu lieu.
NumÃ©ro de commande 15 03 45 55 43"
19/11/2025,5/5,"Bravo au personnel de Cavaillon
Le personnel de Darty Cavaillon est trÃ¨s professionnel, sympathique et Ã  l'Ã©coute. Heureusement car le site marchand est dÃ©faillant : propose des produits qui sont en rupture de stock..."
19/11/2025,1/5,"Service vendeur et assurance voleur et mensongÃ©
Darty ce nâ€™est plus ce que câ€™Ã©tait !
TrÃ¨s dÃ©Ã§ue par Darty. Lors de lâ€™achat de mon Cookeo le 24/12/2024, on mâ€™a vendu une assurance en mâ€™affirmant quâ€™elle couvrirait mon appareil en cas de problÃ¨me ainsi que dâ€™autres Ã©quipements de la maison.

Aujourdâ€™hui, mon Cookeo â€” pourtant neuf â€” ne fonctionne pas correctement (problÃ¨me de vapeur), et jâ€™apprends que lâ€™assurance ne couvre finalement pas ce type dâ€™appareil, seulement le gros Ã©lectromÃ©nager.

Jâ€™ai payÃ© 12 â‚¬ par mois pendant des mois pour rien.

Je demande donc la prise en charge de la rÃ©paration OU le remboursement des cotisations, car cette vente dâ€™assurance est contraire aux informations donnÃ©es en magasin.

Ce quâ€™a fait le vendeur ou Dzrty est du vol et du mensonge manifeste !
Quels arnaques ces assurances ! Comment voulez vous que les clientes vous fasses confiance !
Câ€™est une honte !"
19/11/2025,4/5,"bien commandÃ© sur internet et rÃ©ceptionâ€¦
bien commandÃ© sur internet et rÃ©ception en magasin Prix conforme Ã  la moyenne des autres magasins"
19/11/2025,5/5,"Nous avons effectuer des achats dans le magasin Darty de Barentin
Nous avons effectuer des achats dans le magasin Darty de Barentin le 29/11/2025.
La conseillÃ¨re de vente qui se prÃ©nommait CÃ©line nous a Ã©tÃ© d'une grande aide. TrÃ¨s sympathique et dÃ©vouÃ©e elle nous a trÃ¨s bien conseillÃ©."
19/11/2025,5/5,"Lave vaisselle BEKO bPro 500, efficace, silencieux et Ã©conomique
Lave parfaitement la vaisselle, rapidement, mÃªme s'il est trÃ¨s rempli.
Il fonctionne sans bruit et est plutÃ´t Ã©conome en eau et en Ã©lectricitÃ©.
Le programme 60 minutes est tout Ã  fait adaptÃ© Ã  notre utilisation tous les 2 jours."
19/11/2025,1/5,"Commande prÃ©vue pour le 06/12 toujoursâ€¦
Commande prÃ©vue pour le 06/12 toujours pas disponible et plus dâ€™info ! Le mÃªme produit est disponible chez dâ€™autres distributeurs plus sÃ©rieux comme Boulanger. Ã€ Ã©viter si on veut Ãªtre livrÃ© avant NoÃ«l â€¦."
19/11/2025,4/5,"Merci pour votre professionnalisme !
Et pour vos promotions !"
19/11/2025,5/5,"Site facile dâ€™utilisation
Site facile dâ€™utilisation . Bonne communication . Livraison rapide ."
19/11/2025,5/5,"Au top
Au top ! L'Ã©quipe de Bourges est formidable."
19/11/2025,1/5,"A FUIR !!!
A FUIR !!!! Responsable du Darty Gaillac 81600 qui ne veut absolument pas se remettre en question, qui vend du matÃ©riel cassÃ© et qui refuse de rembourser...Heureusement que leur service juridique est lÃ  pour rappeler la Loi et faire plier ce genre de personnage, passez votre chemin, il y a bien plus honnÃªte ailleurs."
19/11/2025,1/5,"Service aprÃ¨s vente Ã  fuir
1 mois 1/2 Ã  se faire balader par le magasin et la plate-forme tÃ©lÃ©phonique et faire de multiple aller/retour alors que nous habitons Ã  plus de 30km du magasin et oser nous dire ""attendre le sms"" alors que Darty, eux mÃªme, nous appelle pour rÃ©cupÃ©rer l'article...
Venir 1 fois, pour rÃ©paration, fournir les accessoires, revenir sans accessoires, ramener l'appareil, nous faire revenir...bref une honte.
DÃ©sagrÃ©able ? Oui je l'ai Ã©tÃ© et Darty sont clairement des incompÃ©tents."
19/11/2025,1/5,"La qualitÃ© made in wish France
La qualitÃ© made in wish France
Livraison installation non terminÃ©e
Deux produits livrÃ©s
Deux produits en panne
C'est du 100% non qualitÃ©"
19/11/2025,5/5,"Acheter en magasin
Acheter en magasin . Mais si vous voulez de vrai renseignements, faites vos recherches vous mÃªme. Le vendeur , as reconnu lui mÃªme , qu'ils ne connaissent que trÃ¨s peu les dreame. Mais toujours a l'Ã©coute. Comme a leur habitudes.
Par contre , ils connaissent a la perfection les ecovacs.
Mais le vendeur n'y est pour rien . Je voulais un dreame"
19/11/2025,1/5,"Ne comptez pas sur darty pour vosâ€¦
Ne comptez pas sur darty pour vos cadeaux de NoÃ«l ! Commande effectuÃ©e le 19/11 devant etre livrÃ©e le 12/12 ( dÃ©jÃ  on apprÃ©cie les delais de quasi 1mois...) on m'annonce (par SMS) seulement aujourd'hui (10/12) qu'il y a rupture de stock et qu'on ne sait pas qd on va me livrer...rÃ©approvisionnement le 22/12...
...le pompom c'est le service client au tÃ©lÃ©phone qui n'en a rien a faire, ne vous propose aucune solution et n'a pas d'informations
Si jai choisi Darty c'Ã©tait parceque j'avais confiance...je constate aujourd'hui que d'un bout Ã  l'autre du processus il n'en ont plus rien a faire du client !...honteux et limite frauduleux !"
19/11/2025,1/5,"Achat d'une camÃ©ra dji 4 Darty 15 joursâ€¦
Achat d'une camÃ©ra dji 4 Darty 15 jours aprÃ¨s la commande et la veille de la livraison on reÃ§oit un sms annulant la commande produit non dispo, aucune proposition alternative et aucun gest commercial sur un produit similaire, comble de l'incompÃ©tence remboursement dans 10 jours ouvrables soit 15 jrs"
19/11/2025,1/5,"Colis jamais rÃ©ceptionnÃ©
Colis jamais rÃ©ceptionnÃ©, service client inexistant
Pour le remboursement : Accrochez vous !!
A fuir"
25/11/2025,5/5,"Bon rapport qualitÃ© prix du produit
Le rapport qualitÃ©/prix du produit proposÃ© .
La livraison rapide Ã  domicile, lâ€™installation
Les livreurs compÃ©tents et sympathiques"
25/11/2025,4/5,"LG RAM 17 pouces
bon processeur (ultra 7/258)nouvelle gÃ©nÃ©ration , suffisament de RAM (32go) et deux gros disques durs (2x1to) portable 17 pouces, lÃ©gÃ¨retÃ©e de lensemble (1,350kls)
seul bÃ©mol la batterie qui ne tient pas ses promesses (environ la moitiÃ© de ce qu'annonce LG)"
25/11/2025,5/5,"Parfait
RecommandÃ©"
25/11/2025,5/5,"Toujours bien servi et renseignÃ© chezâ€¦
Toujours bien servi et renseignÃ© chez Darty ."
25/11/2025,3/5,"petit point longue attente en magasinâ€¦
petit point longue attente en magasin avant dâ€™Ãªtre pris en charge par un vendeur.

Un vieux grabataire sans flow mal Ã©duquÃ© qui voulait acheter un MacBook quâ€™il nâ€™a pas achetÃ© mais passÃ© devant jâ€™avais envie de le marbrer"
25/11/2025,5/5,"QualitÃ© et rÃ©sistance
C'est le premier chauffage d'appoint que je teste et qui ne surchauffe pas. Du coup le fonctionnement n'est pas altÃ©rÃ© et le chauffage ne se stoppe pas subitement. MalgrÃ© sa petite taille il chauffe trÃ¨s bien mon salon de 20m2"
25/11/2025,5/5,"Une bonne enseigne avec un savâ€¦
Une bonne enseigne avec un sav performant"
25/11/2025,1/5,"beaucoup de cycles trop longs plus deâ€¦
beaucoup de cycles trop longs plus de 3H pour laver du blanc c'est abusif et non justifiÃ© de nos jours
je pense qu'en 1h 30 cela peut etre fait
le hublot est trop proeminent difficile Ã  ajuster sur l'alignement et prend plus de place, les vides et creux gÃ©nerent des endroits ou s'acculent miettes ,poussiÃ¨res ;ces produits sont concus par des hommes donc ils oublient le concept du design simple et efficace ! bref trÃ¨s dÃ©cue a propos des temps de lavages qu'on ne trouvent pas sur internet dans la fiche produit et les vendeurs ne sont pas capables de nous rÃ©pondre en boutique.....il faudrait mettre ces fiches Ã  disposition en boutique; d'autre part certains cycles sont incomprÃ©hensibles et je pense inutiles...exemple ""hygiene plus"".""textiles sport"" et ""couleurs foncÃ©Ã©s"" ,on sait d'emblÃ©e faire le tri pour faire une lessive bref on a besoin de produits efficaces simples accessibles.avant on avait juste couleurs / blanc/fragile et on pouvait rÃ©gler nous meme le temps lavage et essorage et la tempÃ©rature! astucieux et suffisant pour avoir du linge propre!"
25/11/2025,1/5,"Des voleurs !
machine a coudre, avec paiement en 3 fois avec Sofinco.
Cette commande nâ€™a jamais abouti, quand jâ€™ai voulu valider, cela nâ€™a pas marchÃ©, il Ã©tait notÃ© que le paiement ne pouvait pas se faire, et la commande est restÃ©e dans mon panier.
Or, jâ€™ai tout dâ€™abord Ã©tÃ© dÃ©bitÃ© de 77,06 euros par Sofinco dÃ¨s le 21 octobre.
Jâ€™ai immÃ©diatement appelÃ© Darty, qui mâ€™a confirmÃ© que la commande nâ€™avait pas fonctionnÃ©, et que jâ€™allais Ãªtre automatiquement remboursÃ©e.
Une semaine plus tard, toujours aucun remboursement, je rappelle donc Darty, qui me dit quâ€™ils faut quâ€™ils annulent cette commande car cela nâ€™a pas Ã©tÃ© fait. La personne que jâ€™ai en ligne me dit quâ€™il vient de le faire, et que je vais Ãªtre remboursÃ©e ;
Je laisse donc encore passer une semaine, comme toujours aucun remboursement, je contacte sofinco qui me dit que pour eux, la commande nâ€™est pas annulÃ©e.
Je rappelle donc Darty, qui me dit que pour eux la commande est annulÃ©eâ€¦
Je recontacte donc Darty, et lÃ  une personne me dit quâ€™elle voit lâ€™annulation, mais quâ€™elle va contacter le service concernÃ© afin que le remboursement ait lieu.
Ce sont des voleurs, j'ai payÃ© un article que je n'ai jamais reÃ§u, la derniÃ¨re fois que j'ai appelÃ© on m'a mÃªme raccrochÃ© au nez car je cite : je n'Ã©tais pas calme.
J'ai envoyÃ© un courrier recommandÃ© qui a Ã©tÃ© reÃ§u le 1er dÃ©cembre, mais qui reste sans rÃ©ponse..."
25/11/2025,5/5,Personnel chez darty au top
25/11/2025,5/5,"Bon accueil
Bon accueil sans Ãªtre pressant. Bonne qualitÃ© de renseignement. Achat simple et rapide"
25/11/2025,1/5,"Livraison Lave linge ds cuisine encastree
Dans un premier temps je regrette dâ€™avoir fait appel Ã  la vente en ligne pour lâ€™achat dâ€™un lave linge Ã  intÃ©grer dans une cuisine encastrÃ©e posÃ©e depuis plusieurs annÃ©es . Les vendeurs ne sont pas qualifiÃ©s pour ce cas.
Ensuite, jâ€™ai demandÃ© lâ€™installation Ã  la livraison pour 139â‚¬. Ce qui nâ€™a pas eu lieu parce que les encoches de la porte dÃ©corative ne correspondent aux emplacements du LL. De plus le LL nâ€™a pas Ã©tÃ© placÃ© correctement dans le casier donc les pieds sont Ã  moitiÃ© dans le vide â€¦ je nâ€™ose pas me servir de mon appareil durant les heures creuses de peur dâ€™un dÃ©rapage. Jâ€™en ai averti le Sce client qui mâ€™a confirmÃ© quâ€™un responsable me contacterai au plus tard lundi 08 dÃ©cembre. Aucun responsable ne mâ€™a contactÃ©e.
En dÃ©pit, câ€™est le livreur qui mâ€™a appelÃ©e plusieurs fois ss melaisser de message. Et lorsque que jâ€™ai pu appeler ce no que je nâ€™avait pas enregistrÃ©, le livreur sâ€™est montrÃ© agressif et trÃ¨s mÃ©content envers moi disant que le rapport avait mentionnÃ© quâ€™il avait Â« magouillÃ© Â» lâ€™installation.
Je ne veux plus avoir Ã  faire Ã  ce livreur.
Ã€ prÃ©sent, je vais faire appel auSAV SIEMENS pour leur faire constater lâ€™installation.
Je px dire a ce jour que je prÃ©fÃ¨re faire appel Ã  des entreprises qualifiÃ©es payer en consÃ©quence et ne ferai plus jamais appel Ã  DARTY."
25/11/2025,1/5,"SAV Darty
SAV Darty : pitoyable, mÃªme sur une TV rÃ©cente et onÃ©reuse

TV achetÃ©e neuve il y a 8 mois, en panne : dans mon espace client, Darty mâ€™indique que la garantie est â€œexpirÃ©eâ€. Il faut batailler au tÃ©lÃ©phone pour quâ€™on finisse par â€œretrouverâ€ mon produitâ€¦ qui apparaÃ®t pourtant trÃ¨s clairement dans mon compte.

Dans le suivi rÃ©paration, la piÃ¨ce commandÃ©e auprÃ¨s de TCL est indiquÃ©e â€œreconditionnÃ©eâ€. Ce nâ€™est pas une impression : câ€™est Ã©crit noir sur blanc, copies dâ€™Ã©cran Ã  lâ€™appui. Je le signale, on me rÃ©pond par SMS que â€œnon, câ€™est du neufâ€â€¦ et, comme par hasard, quelques heures plus tard : commande annulÃ©e, rendez-vous annulÃ©, dÃ©lai repoussÃ© de plus dâ€™un mois. Depuis, les semaines passent, et toujours personne.

Quasiment tous les jours, un message Messenger ou WhatsApp du SAV pour â€œsâ€™excuser du retardâ€ et me promettre un rappel dans la journÃ©eâ€¦ qui nâ€™arrive jamais.
MÃªme sur une TV chÃ¨re et rÃ©cente, Darty utilise des piÃ¨ces reconditionnÃ©es et laisse le client se dÃ©brouiller. Plus jamais."
25/11/2025,1/5,"Commande en principe disponibleâ€¦
Commande en principe disponible aujourd'hui Ã  partir de 14h, mais aucune nouvelle et aucune info sur le suivi; au vu des notes attribuÃ©es Ã  Darty je comprends pourquoi ,et aussi que j'aurais dÃ» consulter Trustpilot avant de commander.Enseigne Ã  Ã©viter soigneusement."
25/11/2025,5/5,"Ma demande malgrÃ© lâ€™absence du produitâ€¦
Ma demande malgrÃ© lâ€™absence du produit dont jâ€™avais besoin en magasin a Ã©tÃ© traitÃ©e avec urgence et jâ€™ai apreciÃ© la rapiditÃ© dâ€™obtention de mon article le lendemain Chapeau Ã  Darty Cognac"
25/11/2025,1/5,"Darty max arnaque et/ou malhonnÃªtetÃ©
Les vendeurs darty vendent un contrat Darty max en sâ€™appuyant sur une plaquette peu prÃ©cise et dans mon cas le vendeur a rÃ©pondu positivement Ã  mes demandes concernant la garantie du gros Ã©lectromÃ©nager encastrÃ© bien que nâ€™avant pas de factures car achetÃ© avec la maison. Le service client me prÃ©cise que ces produits ne seront pas couverts et que je dois attendre un an pour rÃ©silier si cela ne me satisfait pas.
Cela ressemble Ã  de lâ€™arnaque ou de lâ€™incompÃ©tence, le pire câ€™est que le service rÃ©siliation refuse de rÃ©silier avant un an alors que le contrat a Ã©tÃ© vendu de maniÃ¨re mensongÃ¨re. Ã‡a câ€™est malhonnÃªte et peu respectueux du client."
25/11/2025,3/5,"Difficile Ã  installer
Difficile Ã  installer. Au bout de deux dâ€™utilisation, lâ€™imprimante, imprime une ligne sur deux de plus je la trouve trÃ¨s bruyante"
25/11/2025,2/5,"Mercredi
Mercredi, je me rends en magasin, j'achÃ¨te mon article en caisse et c'est aprÃ¨s qu'on me prÃ©vient qu'il Ã©tait en rupture ... c'est embÃªtant"
25/11/2025,3/5,"Paiements en caisse a revoir
La caisse devrait servir a en aisselle et non la vente ou les longues explications . Pour cela il y a des vendeurs. J y suis allÃ© que une bouteille de gaz pour eau petillante et on attendu attendu que les 2 caisses qui parlaient parlaient en finisse et le 1er caissier a fi.i et est parti et la queue s allongeant..
La prochaine fois j irai a Boulanger ou je prends la bouteille et paie en caisse tout simplement comme les autres. Une caisse c est pour encaisser .c est tout"
25/11/2025,5/5,"Super produit
Super produit. C'est ma 3Ã¨me et je n'en changerais pas. La premiÃ¨re date de trÃ¨s longtemps le socle s'est usÃ©. Les 2 autres j'en fait un usage intensif je n'est pas l'eau chaude en direct sur l'Ã©vier donc bouilloire +++++++. Je recommande vivement"
30/11/2025,4/5,"MatÃ©riel bien sans plus
Je suis un peu dÃ©Ã§u, je pensais qu'il serait plus efficace sur les tissus"
30/11/2025,4/5,achat en ligne en click collect facile
30/11/2025,1/5,"ARNAQUE !!!!!!!
Ã€ ce jour, je nâ€™ai toujours pas reÃ§u mon chÃ¨que de remboursement. Trois mois dâ€™attente, câ€™est inacceptable. Jâ€™aimerais savoir si vous comptez rÃ©ellement rÃ©gler ce dossier ou si vous prÃ©fÃ©rez continuer Ã  faire perdre du temps Ã  vos clients"
30/11/2025,1/5,"2 trotinettes achetÃ©s en janvierâ€¦
2 trotinettes achetÃ©s en janvier (NEUVES) tombÃ©s en panne en septembre (LES 2). nous sommes en dÃ©cembre et je n'ai toujours pas ni de trotinettes ni de remboursement!!! Avec cdiscount en mÃªme pas 2semaines j'aurai eu une solution. Darty a fuire vraiment pas sÃ©rieux. Je vais racheter chez cdiscount."
30/11/2025,5/5,"Au top
J'achÃ¨te tout mon petit et gros Ã©lectromÃ©nager chez Darty, niveau service aprÃ¨s vente ils sont top"
30/11/2025,5/5,"Comme toujours chez Dartyâ€¦
Comme toujours chez Darty :lâ€™accueil,lâ€™Ã©coute , des conseils pratiques et efficaces. Des commerciaux souriants et attentifs pour nous accompagner au mieux dans nos achats."
30/11/2025,3/5,"Concernant Darty tout Ã©tait parfait
Concernant Darty tout Ã©tait parfait.
Livraison Ã  lâ€™heure prÃ©vue et installation de lâ€™appareil.
Le produit ne correspond pas tout Ã  fait Ã  mes attentes. Les couverts ne tiennent pas bien dans le panier et si les assiettes sont trop grandes, le panier du milieu est en position haute et les verres Ã  pied buttent dans le panier Ã  couverts. Je n'avais pas ce soucis avec mon prÃ©cÃ©dent lave vaisselle qui avait la mÃªme configuration,"
30/11/2025,5/5,"Livreurs au top
Livreurs au top. Beaucoup de prÃ©cautions prises au dÃ©chargement et mise en place de la gaziniÃ©re. Excellents conseils. Bref, un sans faute."
30/11/2025,5/5,"TrÃ¨s bien conseillÃ© en magasin
TrÃ¨s bien conseillÃ© en magasin, jâ€™ai trouvÃ© des produits rares (brabantia) et pro (nettoyant lave-vaisselle)"
30/11/2025,5/5,"Service client parfait
Service client parfait. Un vendeur au top qui connaÃ®t bien ses produits et qui etait de trÃ¨s bons conseils"
30/11/2025,1/5,"Ces pas une entreprise ces une anarque
Je achete un congel neuf sur le site darty que etait bien habime on reception mais comme le livreur est parti avant la ouverture du colis pas declare pour lui mais mois je faite le sinalment de probleme 30 min apres la livrason ils me demande de paye 90â‚¬ pour retourne le produit je refuse ces pas logique paye pour retourne un produit neuf que arrive bien habime. 2 mois apres le congel arrete de congele et le service tecnique a la place de ces deplace pour voir le probleme me demande de photos? Ce quel la logique je pense que pour photo ces un peut difficil a repare un produit. Mais bref 600 euros jete dans la poubelle belle anarque. Maintenant je vais depance encore pour le faire repare plus jamais chez darty magasin et site"
30/11/2025,5/5,Tres satisfait
30/11/2025,5/5,"Livraison et installation
Livraison et installation : parfait"
30/11/2025,1/5,"TV achetÃ© en click and collect etâ€¦
TV achetÃ© en click and collect et laissÃ©e dans son emballage pendant 1 semaine. A la sortie, l'Ã©cran est entiÃ¨rement fissurÃ©. J'appelle SAV et on me dit que c'est de ma faute car j'aurai dÃ» me faire livrer. Nous n'avons pas du tout cognÃ© le carton et l'Ã©cran est littÃ©ralement fissurÃ© en mille morceaux SOUS le plastique protecteur. Ne vous demandez pas pourquoi vos magasins ne sont pas attractif. Je retourne Ã  mes achats sur internet 100% remboursÃ©s dÃ¨s qu'ily a un problÃ¨me."
30/11/2025,1/5,"ExpÃ©rience Ã©pouvantable De A Ã  Z RIEN ne s'est bien passÃ© auâ€¦
De A Ã  Z RIEN ne s'est bien passÃ© au sujet d'un cadeau (cuisiniÃ¨re SMEG) transformÃ© en cadeau empoisonnÃ©.
Aucun respect du client (si ce n'est au moment de l'achat et encore), des dysfonctionnements Ã  tous les Ã©chelons, aucun professionnalisme !!!
RÃ©sultat des courses une gaziniÃ¨re retournÃ©e aprÃ¨s maintes pÃ©ripÃ©ties Ã  l'envoyeur, un remboursement frileux et zÃ©ro contrat de confiance ğŸ§
Allez donc acheter ailleurs, la concurrence ne manque pas."
30/11/2025,5/5,"Le meilleur !
e vous ai dÃ©laissÃ© pour BOULANGER, mais quelle erreur, plus jamais Ã§a. Ils ont SAV dÃ©plorables, mais les mÃªmes prix que vous. AMAZONE dont je suis un gros client pour autres choses est beaucoup moins cher. Mais j'ai eu peur de son SAV ? Mais pourquoi pas ? Pas pire que BOULANGER en tous cas, pas de risque !!!"
30/11/2025,1/5,"Je suis extrÃªmement dÃ©Ã§u par mes deuxâ€¦
Je suis extrÃªmement dÃ©Ã§u par mes deux derniÃ¨res commandes faites chez Darty. Deux annÃ©es de suite, juste avant NoÃ«l, mes commandes ont Ã©tÃ© annulÃ©es alors que je les avais passÃ©es dÃ¨s novembre.

Je trouve cela inadmissible : les produits affichÃ©s comme â€œdisponiblesâ€ ne le sont finalement pas, ce qui laisse penser quâ€™ils ne maÃ®trisent pas vraiment leur stock. RÃ©sultat : on pense avoir trouvÃ© un cadeau, et au dernier moment tout tombe Ã  lâ€™eau.

Câ€™est vraiment frustrant, et pour moi cela montre un manque dâ€™organisation et de fiabilitÃ©. Personnellement, aprÃ¨s deux expÃ©riences similaires, je nâ€™ai plus confiance et je nâ€™achÃ¨terai plus chez eux."
30/11/2025,5/5,"Ecran PC
CaractÃ©ristiques du produit bien dÃ©taillÃ©es sur le site et livraison rapide et efficace"
30/11/2025,5/5,"achat V15 Dyson
achat V15 Dyson
tres bon produit mais trop bruyant"
30/11/2025,5/5,"Darty est une enseigne de confiance
Darty est une enseigne de confiance. Ã‡a fait des annÃ©es que je passe par Darty pour tout lâ€™Ã©lectromÃ©nager, le hi-fi et lâ€™informatique. Enseigne sÃ©rieuse, trÃ¨s bon service aprÃ¨s vente et toujours prÃ©sent en cas de problÃ¨me (7j/7 si vous avez pris la garantie Darty)."
15/11/2025,4/5,"Bon accueil et proposition commercialeâ€¦
Bon accueil et proposition commerciale intÃ©ressante mais un manque d'explications orales.
Les TV sont bien exposÃ©s dans le rayon chez Darty Vannes pour comparer les dimensions des Ã©crans et la qualitÃ© des images.
Par contre manque d'exposition de modÃ¨les de diffÃ©rentes marques."
15/11/2025,5/5,"Ecoute
J'avais des chÃ¨ques cadeau et je voulais m'en servir pour cet achat mais j'avais un doute sur le site j'ai donc contactÃ© directement Darty et la personne que j'ai eu a Ã©tÃ© adorable avec un geste commercial en prime c'est vraiment trÃ¨s apprÃ©ciable un grand merci"
15/11/2025,1/5,"Je tiens Ã  exprimer ma profonde dÃ©ception
Je tiens Ã  exprimer ma profonde insatisfaction concernant mon expÃ©rience avec le site de Darty. Le service de livraison est tout simplement dÃ©plorable : le suivi est inexistant, le lien du numÃ©ro de suivi ne fonctionne pas ce qui mâ€™a contraint Ã  contacter le service clientâ€¦ extrÃªmement difficile Ã  joindre.

On a presque lâ€™impression quâ€™il faut feinter pour arriver au bon service, comme si lâ€™objectif Ã©tait de nous pousser Ã  utiliser le site internet qui lui-mÃªme ne fournit aucune rÃ©ponse utile.

Câ€™est vraiment regrettable. Jâ€™avais choisi de faire un essai chez Darty pour soutenir lâ€™Ã©conomie et faire confiance Ã  une entreprise franÃ§aise. Mais il est urgent que cette entreprise sâ€™amÃ©liore : la transparence du suivi, la fluiditÃ© de la livraison, la simplicitÃ© pour recevoir un colis directement commandÃ©â€¦ Aujourdâ€™hui, rien nâ€™est clair, rien nâ€™est pratique."
15/11/2025,4/5,"Bon accueil
Bon accueil"
15/11/2025,1/5,"Aucun service client
Aucun service client !
Je commande une hotte qui doit arriver le 28 ou le 29/ 11.
Nous sommes le 8 dÃ©cembre le produit n'est pas arrivÃ© et les services client Darty me promÃ¨ne en me disant que c'est un client partenaire et que le service dÃ©diÃ© reviendra au plus vite vers moi.
Ni le client partenaire ne me rÃ©pond ni Darty. Une honte tout le monde s'en moque !!!"
15/11/2025,5/5,"TrÃ¨s bien
TrÃ¨s bien, bon accueil, rÃ©actifs."
15/11/2025,5/5,"Faire un achat avec DARTY câ€™est unâ€¦
Faire un achat avec DARTY câ€™est un conseil assurÃ©"
15/11/2025,1/5,"Darty de Saint Nazaire Ã  fuir !!
Darty de Saint Nazaire Ã  fuir !!! Jâ€™avais besoin dâ€™un lave linge. Vendeuse trÃ¨s compÃ©tente sur la connaissance de son produit mais a essayÃ© de me vendre en plus tout un tas de truc dont un abonnement tÃ©lÃ©phonique et sur une chaÃ®ne payante mais le pire â€¦ elle mâ€™a proposÃ© de payer en trois fois et les frais seraient pris en charge par Darty. Or, jâ€™ai acceptÃ© et le taux est de 21%. Câ€™est du vol !!!! Je ne retournerai jamais chez Darty. Pas ces soucis chez Boulanger."
15/11/2025,5/5,"TrÃ¨s bon accueil et suivi de mon besoin
TrÃ¨s bon accueil, et suivi de mon besoin par l'Ã©quipe de vente, jusqu'Ã  vÃ©rifier les indications sur les emballages. Mon besoin, une tondeuse Ã  barbe qui fonctionne Ã  la fois sur secteur et sur batterie, afin d'Ã©viter l'obsolescence..."
15/11/2025,5/5,"TrÃ¨s bian trÃ¨s bian
TrÃ¨s bian trÃ¨s bian"
15/11/2025,1/5,"Je suis terriblement dÃ©cu de monâ€¦
Je suis terriblement dÃ©cu de mon expÃ©rience de reprise Darty. En effet, en juin jâ€™ai revendu mon Mac book air (133â‚¬) et achetÃ© un nouveau (1600â‚¬). La plateforme ne mâ€™a jamais demandÃ© mon RIB. 1 mois aprÃ¨s lâ€™envoie de mon MAC BOOK AIR, et dans lâ€™attente de mon argent, je contacte par mail le service qui me dit que le virement a bien Ã©tÃ© fait. Nâ€™ayant jamais donnÃ© mon RIB, je prends peur. Je demande les preuves de virements. Ã‰videmment, lâ€™argent a Ã©tÃ© envoyÃ© sur un RIB que je ne connais. Le service client reprise me fait tourner en rond je cite â€œdemandez Ã  vos proches sâ€™ils nâ€™ont pas donner leurs RIB Ã  votre placeâ€, â€œallez porter plainteâ€. â€œNous nâ€™y sommes pour rienâ€, bref. Ã€ ce jour, jâ€™ai vendu mon MAC BOOK AIR sans voir la courleur de mon argent Ã  une entreprise renommÃ©e tel que DARTY qui ne daigne pas reconnaÃ®tre une erreur dans le processus.
Travaillant dans le commerce, jâ€™attends un geste de votre part pour solder mon litige."
15/11/2025,1/5,"CommandÃ© deux paires de AirPods pourâ€¦
CommandÃ© deux paires de AirPods pour NoÃ«l et je nâ€™ai reÃ§u quâ€™une boÃ®te. Je comprends parfaitement quâ€™en pÃ©riode de fÃªtes le volume des commandes soit plus important, cependant cela ne justifie en aucun cas une erreur de prÃ©paration. Jâ€™ai rÃ©glÃ© lâ€™intÃ©gralitÃ© de la commande et suis donc en droit de recevoir la totalitÃ© des articles commandÃ©s."
15/11/2025,1/5,"Ã€ nous de connaÃ®tre
Le vendeur nous a donnÃ© des renseignements, mais j'ai dÃ©jÃ  rencontrÃ© un souci avec un article. Quand je lui demande comment faire, il me rÃ©pond qu'il ne sait pas et part rigoler avec ses collÃ¨gues. Au moment de partir, il me dit : une fois que vous avez fini, appelez-moi pour que je puisse vous rembourser. AprÃ¨s, il ne faut pas se f**** de la G***** des gens comme Ã§a. Bref toujours un pour saper lâ€™image dâ€™une marque que jâ€™adore en plus."
15/11/2025,4/5,"Aspirateur balai performant
J'ai achetÃ© cet aspirateur car je n'arrivais plus Ã  trouver de batterie de rechange pour mon aspirateur ROWENTA air force all in one achetÃ© il y a 4 ans (regrettable) mais je ne suis pas dÃ©Ã§u de mon acquisition car celui-ci marche nettement mieux que l'ancien qui avait tendance Ã  Ã©parpiller les miettes plutÃ´t que de les aspirer. Autonomie de 72 mn en mode eco (qui est le mode qui permet d'aspirer Ã  peu tout dans la maison) - il est livrÃ© avec une deuxiÃ¨me batterie au cas ou ! -, agrÃ©able Ã  manier, vidage du bol de poussiÃ¨re ultra facile, plein d'accessoires.
Les points nÃ©gatifs : il est lourd si on l'utilise en aspirateur Ã  main, la brosse est assez haute, donc elle ne peut pas passer sous les meubles (ie, le bras que l'on peu couder ne sert Ã  rien), dÃ©faut de conception du support qui se retrouve Ã  4 cm du mur, si on veut conserver le socle, donc impossible Ã  fixer sans un petit bricolage. Mais cela reste au global un bon produit."
15/11/2025,5/5,"Bonne expÃ©rience
Tout de suite, jâ€™ai bien Ã©tÃ© accueilli bien renseignÃ©, je cherchais une barre de son bon rapport qualitÃ© prix et la personne qui sâ€™est chargÃ©e de moi a fait mon bonheur"
15/11/2025,5/5,"TrÃ¨s content avec le achat
TrÃ¨s content avec le achat. Merci beaucoup"
15/11/2025,5/5,"Livraison rapide
Livraison rapide"
15/11/2025,3/5,"Y a-t-il un service aprÃ¨s vente ?
J'attends toujours que Darty Nantes Orvault prenne contact avec moi pour changer le cache du bouchon de vidange en faÃ§ade que le livreur a cassÃ© depuis 3 semaines !"
15/11/2025,5/5,"Achat click and collect parfaitâ€¦
Achat click and collect parfait !accueil au top pour le retrait en magasin."
15/11/2025,4/5,"Achat Darty
Jâ€™essaye de passer par internet car le responsable du magasin local Saint Renan (29) nâ€™est pour le moins pas commerÃ§ant et arrogant quand on essaye de lui parler"
29/11/2025,1/5,"A fuir
A fuir.suite Ã  la non disponibilitÃ© en magasin de la couleur du tÃ©lÃ©phone que je souhaitais, le vendeur le commande. La date de livraison est stipulÃ©e sur la facture car oui jâ€™ai payÃ© la totalitÃ© du tÃ©lÃ©phone Ã  la commande soit 969â‚¬! La date prÃ©vue de lâ€™arrivÃ©e en magasin Ã©tant dÃ©passÃ©e, je me dÃ©place directement au magasin car bien sÃ»r aucune nouvelle. Et lÃ  jâ€™apprends quâ€™il nâ€™y a aucun tÃ©lÃ©phone de disponible dans le systÃ¨me et sÃ»r je ne lâ€™aurais pas avant 2026 !. Encaisse lâ€™argent, laisse le client attendre, pour au final faire fructifier son argent. Certes on mâ€™a recreditÃ© la somme sur ma carte bancaire mais si je ne mettais pas dÃ©placÃ©, jâ€™attendrais toujours !"
29/11/2025,5/5,"Vendeur trÃ¨s trÃ¨s agrÃ©able et souriant
Vendeur trÃ¨s trÃ¨s agrÃ©able et souriant
TrÃ¨s bon accueil rien Ã  redire et de trÃ¨s bon conseil
Je recommande tout Ã  fait"
29/11/2025,1/5,"Colis en attente / date estimÃ© dÃ©passÃ©
Colis toujours en prÃ©paration malgrÃ© une date de livraison estimÃ© Ã  quelques jours.
Le service client nous sort des rÃ©ponses bateaux. Ils mâ€™ont assurÃ© que mon colis arriverait en temps et en heure, et que jâ€™allais recevoir le suivis par mailâ€¦
Jâ€™attends toujours Ã©videmment.
Il nâ€™y aurait pas eu ce mensonge et on mâ€™aurait dit la vÃ©ritÃ©, jâ€™aurai attendu avant de mettre un avis mais lÃ  câ€™est trop!
Plus jamais je ne commande chez eux."
29/11/2025,1/5,"Darty
Bonjour, en fÃ©vrier 2025, j'ai achetÃ© un Acer Nitro 16 chez Darty, j'ai passÃ© plusieurs heures au tÃ©lÃ©phone avec le service technique pour tenter des rÃ©parations. Deux fois j'ai parcouru 90km pour dÃ©poser l'ordinateur au magasin le plus proche pour qu'il soit envoyÃ© au service technique de Toulouse. 2 fois le clavier et la carte mÃ¨re ont Ã©tÃ© changÃ©s. C'est seulement fin juin 2025 j'ai pu commencer Ã  utiliser cet ordinateur. Aujourd'hui 06/12/25 l'ordinateur ne s'allume plus alors que la batterie est chargÃ©e. Darty ne peut pas tenter de le rÃ©parer par tÃ©lÃ©phone et me demande de retourner cet ordinateur en magasin. Maintenant, ce sont 120km aller / retour que je doit parcourir pour un ordinateur neuf. Je suis en train de passer un concours professionnel et j'ai jusqu'au 15/12 pour rendre mon dossier enregistrÃ© sur ce mÃªme ordinateur. J'ai tout un tas d'autres documents auxquels je souhaite avoir accÃ¨s.
Bref, je passe plus de temps Ã  faire rÃ©parer qu'Ã  travailler. Avant je n'achetais que du HP et je n'ai jamais eu de problÃ¨me. Est-ce que je devrais recommencer ? Darty a refusÃ© de changer l'ordinateur la 2e fois que je l'ai emmenÃ© en rÃ©paration. C'est un cauchemar."
29/11/2025,5/5,"Livraison rapide et matÃ©riel bonâ€¦
Livraison rapide et matÃ©riel bon rapport qualitÃ© prix"
29/11/2025,1/5,"Ayant achetÃ© sur leur site pendant leblack frydayâ€¦
Ayant achetÃ© sur leur site pendant le Black frydai une barre de son de plus 550 â‚¬. On me propose une livraison en 2/3 jours. Plus rapide quâ€™un retrait en magasin.
Ou voir de 3 jours aucune nouvelle et un colis en cours de prÃ©paration.
Jâ€™ai essayer de contacter par whatsapp et messenger. Aucune explication. Jâ€™arrive a avoir quelqu'un au tÃ©lÃ©phone â˜ï¸ (pour 0.40 ct la mn). Le gars nâ€™en sait pas plus a part d'attendre.
Client fidÃ¨le de darty, ils on rÃ©ussi Ã  ne plus commander chez eux. Faut pas nous prendre pour des C**. Jâ€™ai fini par annuler ma commande et je suis parti chez Boulanger."
29/11/2025,5/5,"Vente d'un VAE
Vente d'un VAE, aussi beau que bien Ã©quipÃ© prÃ©sent en magasin Darty NÃ´tre Dame de Nice Ã  un prix avant premiÃ¨re Black Friday : presque impossible de rater une telle opportunitÃ© d'achat avec un vendeur si courtois et compÃ©tent. Le technicien du SAV, qui avait dÃ» l'assembler et, un peu plus tard, patiemment le rÃ©gler sur place, mÃ©rite un grand, grand merci de ma part."
29/11/2025,5/5,"Produit performant, Livraison rapide
Livraison rapide
Produit performant"
29/11/2025,5/5,Vendeur professionnel et attentionnÃ©
29/11/2025,1/5,"J'ai achetÃ© plusieurs matÃ©riels chezâ€¦4
Mon prÃ©judice est important, mais il m'est difficile de trouver une solution autre qu'amiable avec cette sociÃ©tÃ©.
Je continuerai de conseiller Darty pour ses matÃ©riels, mais je conseille aux clients de cete sociÃ©tÃ© de ne pas se laisser piÃ©ger par les arguments des vendeurs sur les abonnements Darty Max, quelqu'ils soient. J'envisage de transmettre Ã  une association de dÃ©fense des consommateurs si une solution amiable n'est pas trouvÃ©e pour mon prÃ©judice et peut-Ãªtre faire une dÃ©claration sur Signal conso."
29/11/2025,1/5,"A eviter Ã  tout prix
A eviter Ã  tout prix. J'ai une carte cadeau elles sont inutilisables sur le site et vous obligent Ã  passer via le service client au tÃ©lÃ©phone.
Temps d'attente interminable et appel Ã©videmment surtaxÃ©.
La commande a Ã©tÃ© annulÃ©e sans aucune raison la premiÃ¨re fois m'obligeant Ã  repasser par leur service client au tÃ©lÃ©phone, encore attente interminable. On renvoie le produit et je confirme mon adresse mais cette fois la conseillÃ¨re l'envoie ... Ã  la mauvaise adresse ! Je les recontacte pour le signaler on me promet de me recontacter mais rien.
Je contacte la poste qui n'y peut rien car ils ne peuvent pas changer l'adresse ....
Je contacte leur service client et je tombe sur un monsieur qui ne m'Ã©coute mÃªme pas et m'accuse de ne pas avoir fait le nÃ©cessaire avc la poste (mÃªme si c'Ã©tait LEUR faute) et refuse de prendre note de mon service dÃ©sastreux."
29/11/2025,5/5,"Le client est en gÃ©nÃ©ral bienâ€¦
Le client est en gÃ©nÃ©ral bien accompagnÃ©. Quand on pense Ã  un achat, on pense d'abord Darty, qui n'est pas le magasin le plus proche de chez nous. Et pour internet c'est un peu pareil aussi. Cependant j'aimerais bien que l'offre en produits franÃ§ais soit plus importante et que ces produits soient plus mis en avant."
29/11/2025,5/5,"je suis allÃ©e en magasin directement
je suis allÃ©e en magasin directement, excellent accueil et souriant"
29/11/2025,5/5,"Bon magasin
Bon magasin, beaucoup de produits Ã  la vente, personnel compÃ©tent"
29/11/2025,1/5,"Darty a beaucoup perdu autant allÃ©s sur internet au moins cher
Le vendeur Darty fait la promotion de protÃ¨ge Ã©cran de la marque Force-mobility sÃ»rement que il doit avoir une rÃ©tro commission, ils vont te le fait que ses protÃ¨ge Ã©crans sont garanti Ã  vie, cela bien sÃ»r Ã  un prix ils sont Ã  plus de 30 â‚¬ mais quelle surprise quand vous voulez enregistrer votre achat ce qui doit Ãªtre fait dans les 30 jours pour avoir la garantie le site de la marque est toujours en rÃ©paration et quand on passe en magasin, ils nous disent que de toute faÃ§on rien n'est garanti Ã  vie et qui n'ont aucune responsabilitÃ©. Donc prenez garde le conseil des vendeurs Darty n'est pas indÃ©pendant il est sÃ»rement subordonnÃ© Ã  une rÃ©tro commission ou tout au moins ils ont une incompÃ©tence sur les produits qui vendent Darty Ã  bien changÃ©"
29/11/2025,4/5,"ExpÃ©rience mitigÃ©e
Jâ€™ai achetÃ© ces produits en soirÃ©e nocturne black-friday. Jâ€™avais repÃ©rÃ© les produits en amont sur internet mais par exemple le micro-onde nâ€™Ã©tait pas exposÃ© et le choix en magasin nâ€™Ã©tait pas trÃ¨s intÃ©ressant. Les conseillers de vente Ã©taient trÃ¨s nombreux et venaient Ã  ma rencontre. A la caisse jâ€™ai Ã©tÃ© un peu dÃ©Ã§ue par le manque de communication et lâ€™attente alors que jâ€™Ã©tais lÃ  seule cliente."
29/11/2025,5/5,"TrÃ¨s satisfait
Ce four Ã  micro-ondes est trÃ¨s simple d'utilisation et efficace. Remplit parfaitement sa fonction, trÃ¨s bon rapport qualitÃ© prix"
29/11/2025,1/5,"ComplÃ¨tement nul commande sur site
C'est la 2eme fois que je reÃ§ois pas ma commande je sais pas comment Ã§a se passe en magasin, mais sur commande vos mieux Ã©viter, aucun professionnalisme, et en plus ils ne rÃ©pondent pas aux mails.
A dÃ©conseillÃ© fortement sur le site"
29/11/2025,1/5,"le press agrume ""proline"" est nul
le press agrume ""proline"" est nul; il ne presse qu'une partie du fruit : le levier est ineficace, il faut maintenir l'orange sur le cone tournant Ã  la main. Le cone est mal conÃ§u: trop large par rapport Ã , une orange normale!!"
29/11/2025,1/5,"Encore une terrible expÃ©rience avec Darty.
Le service client de Darty est dÃ©plorable. J'ai commandÃ© deux iPhones neufs le 29 novembre, en guise de cadeaux de NoÃ«l pour mes enfants, en payant un supplÃ©ment pour une livraison express le 6 dÃ©cembre â€“ pour un total de prÃ¨s de 2 000 euros. Le soir du 5 dÃ©cembre, j'ai reÃ§u un appel de Darty m'informant qu'ils Ã©taient en rupture de stock et que je devais annuler ma commande et attendre jusqu'Ã  deux semaines pour Ãªtre remboursÃ©. Je pense que l'annulation de la commande est due au fait qu'ils offraient une carte cadeau de 30 euros pour chaque tranche de 300 euros d'achat sur leur site web, soit 90 euros par iPhone. Ils ne souhaitent peut-Ãªtre pas appliquer cette offre aux achats d'iPhone.

Au moment oÃ¹ j'Ã©cris ces lignes, le site web de Darty indique toujours que l'iPhone est disponible pour une livraison Ã  domicile avant le 15 dÃ©cembre, ce qui est totalement trompeur. J'ai toujours des problÃ¨mes avec Darty et c'est entiÃ¨rement de ma faute d'avoir Ã©tÃ© assez naÃ¯f pour commander chez eux une fois de plus."
05/12/2025,2/5,"Darty retour commande
Le retour des commandes achetÃ©es sur la marketplace est super galÃ¨re et compliquÃ©e en plus pas de suivi
Je ne recommande point"
05/12/2025,1/5,"Four Miele neuf Ã  problÃ¨mes et mauvais SAV
Nous avons achetÃ© en juillet 2025 un four encastrable Miele. (1300â‚¬) qui, dÃ¨s le dÃ©part, a prÃ©sentÃ© des dÃ©faillances au niveau de la montÃ©e de la tempÃ©rature.
Il aura fallu 3 passages (en 3 mois) de
Â« techniciens Â» et autre Â« formateur Â», avant quâ€™on nous prenne au sÃ©rieux : notre four fonctionnait de maniÃ¨re alÃ©atoire.
AprÃ¨s un mois Â« en observation Â» il nous a Ã©tÃ© rendu avec une Â« carte changÃ©e Â».
Notre four chauffe correctement Ã  prÃ©sent, mais Ã©met maintenant, un bruit sourd et dÃ©sagrÃ©able.
Aussi dÃ©sagrÃ©able que lâ€™attitude du dit Â« formateur de 35 ans dâ€™expÃ©rience Â» venu Ã©mettre son avis sur ce nouveau problÃ¨me, et reparti sans un au revoir, et sans davantage, une solution, pour remÃ©dier Ã  ce bruit anormal.
Si vous pensez avoir besoin dâ€™une aide technique Darty lors dâ€™un futur achat dâ€™Ã©lectromÃ©nager, rÃ©flÃ©chissez avant de le conclure :
Nous ne conseillons absolument pas Darty Pont Lâ€™AbbÃ©"
05/12/2025,4/5,"Pour Ãªtre gentil
Pour Ãªtre gentil et confiant pour la suite. A voir dans le futur si toujours satisfait."
05/12/2025,1/5,"Service client zÃ©ro
Service client zÃ©ro ! 15 min dâ€™attente inlassablement pour au final nâ€™avoir eu personne et mâ€™Ãªtre lassÃ©e et bien sÃ»r appel payant ! Une honte"
05/12/2025,1/5,"Produit non conforme
Malheureusement, l'entreprise m'a vendu un lave vaisselle qui n'Ã©tait pas conforme Ã  sa description quant au type de fixation de la porte.

Ce lave-vaisselle n'est pas compatible avec ma cuisine, ce qui en engendre des frais d'adaptation considÃ©rable de mon cÃ´tÃ©.

Aucune solution acceptable n'a Ã©tÃ© trouvÃ©e en contactant le service client."
05/12/2025,4/5,"parfait bon produit
parfait simple d'utilisation"
05/12/2025,1/5,"NUL NUL NUL
J'ai commandÃ© sur leur site internet et leur prestataire chronopost (j'ai laissÃ© un autre avis pour eux...) a livrÃ© le colis dans un autre point relais que celui demandÃ© (50 km d'Ã©cart.....!!!). Darty ne peut rien faire, Chronopost ne peut rien faire non plus (...) et impossible d'avoir quelqu'un au tÃ©lÃ©phone...
Bravo, des champions du monde de la mÃ©diocritÃ©..."
05/12/2025,2/5,"Accueil trÃ¨s moyen en magasin
Je me suis dÃ©placÃ©e pour avoir des renseignements sur les diffÃ©rents prÃ©lÃ¨vements en cours et pour en annuler certains. La dame a eu du mal Ã  retrouver son logiciel et a fini par me dire d'aller sur mon compte darty ! Visiblement je l'agacais..."
05/12/2025,1/5,"difficile de payer et de rÃ©clamer en toute confiance !
Bonjour,
++ Il nâ€™y a pas de renseignement sur les moyens de paiement dans les Conditions GÃ©nÃ©rales de Vente ni ailleurs sur le site de ce commerÃ§ant. En lâ€™occurrence, il mâ€™eut Ã©tÃ© prÃ©cieux de savoir que Darty Ã©mettait une prÃ©-autorisation de paiement CB du montant de la commande et les conditions de retrait de celle-ci.
En effet, il faut disposer de 2fois le montant encore disponible, pour les paiements en CB, afin dâ€™Ã©viter le blocage de ma CB Ã  la livraison du matÃ©riel. Ce nâ€™est pas rien quand il sâ€™agit dâ€™une commande de 1000â‚¬â€¦ il faut qu'Ã  la banque j'ai une rÃ©serve d'au moins 2000â‚¬ Ã  dÃ©penser en CB pour ne pas avoir de problÃ¨me.
Comme toujours, tout va bien dans ce monde quand on est suffisamment riche pour sâ€™offrir des Super-CBâ€¦ premium, platinium, etcâ€¦ et des yaourts Ã  dÃ©guster en prison. Ce n'est pas le cas de beaucoup de personnes et de clients potentiels de Darty.

+++ Dommage que La Â« rÃ©clamation Â» soit un mot presque invisible sur le site de Darty :
- Il apparait une seule fois dans les Conditions GÃ©nÃ©rales de Vente. Â« Si vous souhaitez nous transmettre votre rÃ©clamation par voie postale, vous pouvez le faire Ã  lâ€™adresse suivante : Darty Service Consommateur 38 avenue Roger Salengro 94120 Fontenay-sous-Bois Â»
- Il apparait une seule fois quand je frappe le fameux mot dans la case du Service d'Aide : ""Comment pouvons-nous vous aider ? "" Le rÃ©sultat donne : Â« Marketplace : comment ouvrir une rÃ©clamation auprÃ¨s dâ€™un vendeur partenaire Â»

Bien Ã©videmment que la ""confiance Darty"" est discutable !"
05/12/2025,5/5,"TrÃ¨s satisfait.
Comme pour le rÃ©frigÃ©rateur, nous avons Ã©tÃ© bien conseillÃ© et les livreurs Ã©taient au top. Que du bonheur."
05/12/2025,5/5,"Pro et parfait
Pro et parfait"
05/12/2025,4/5,"Câ€™est que jâ€™ai eu le temps de regarderâ€¦
Câ€™est que jâ€™ai eu le temps de regarder le vendeur nâ€™est pas venu de suite"
05/12/2025,4/5,"large choix et bon rapport qualitÃ© prixâ€¦
large choix et bon rapport qualitÃ© prix mais temps d'attente Ã©levÃ© pour le paiement (problÃ¨mes informatiques)"
05/12/2025,1/5,"DÃ©gradation de biens personnel Ã  mon domicile
Bonjour
Suite Ã  lâ€™intervention de Â«  techniciens Â» Darty pour simplement changer le joint de ma machine Ã  laver je me retrouve
- machine complÃ¨tement dÃ©truite laissÃ©e en plan ds ma salle de bain
- parquet massif exotique rayÃ© en profondeur sur 3 m2

Un carnage â€¦..
aucun rappel de Darty Ã  ce jour pour solutionner mon problÃ¨me malgrÃ© un dÃ©pÃ´t de plainte
Aucune nouvelle machine reÃ§u avant 8 jours ( donc tjrs rien Ã  ce jours ) aprÃ¨s 12 appels au sav et un dÃ©placement en magasin â€¦

Dossier 13471013

Ps : et je ne parle pas de la livraison de cette machine en 2024 : 3 livraisons en 1 semaine pour un produit neuf â€¦ prk ? Parce que les Â«  livreurs Â» de chez Darty lâ€™ont explosÃ© dans la rue 3 fois â€¦.

Ã‡a vaut le coup de vous payer Darty Max pendant 4 ans â€¦ jâ€™en suit Ã  plus de 3800â‚¬ de prÃ©judice pour un machine sur lâ€™annÃ©e 2024 2025 par votre faute

SAV DARTY ODDYSSEUM MONTPELLIER

Plus jamais

Ã‰videment le dossier est dans les main de mon assurance juridique

Ã‰ditÃ© 06/12/2025 : livraison repoussÃ©e au 13/12 machine sur un simple sms â€¦. 13â€™jours sans salle de bain / aucune excuse sav qui raccroche au nez

13 jours au final Ã  cause de vos techniciens qui ont cassÃ© ni plus ni moins ma machine

Tjrs aucun rappel pour le dossier sav ou ma salle de ban est dÃ©gradÃ©e alors que le directeur du magasin oddyseum mâ€™avait promis une prise en charge rapide des rÃ©parations de ses technicien

Ã‡a fuit partout câ€™est un carnage / mon sol est foutu

Vous Ãªtes mauvais câ€™est horrible vous nous prenez vous des vaches Ã  lait

Sachez que mon avocate prend dÃ©finitivement le relai et je vous garantie que vous aller payer cher et ces frais en plus

Pour info le devis de rÃ©paration rÃ©alisÃ© par lâ€™artisant pour rÃ©parer vos dÃ©gÃ¢ts est Ã  3900â‚¬ + le prÃ©judice ( on en est Ã  5 livraisons ) + les jours posÃ©s ( +180â‚¬ / jours )+ le plombier que lâ€™ai du faire intervenir en urgence 380â‚¬ + lâ€™abonnement Darty Max que je paye depuis 3 ans comme une vache Ã  lait

Livraison : 9910402718302"
05/12/2025,1/5,"Jâ€™ai eu deux expÃ©riences avec le siteâ€¦
Jâ€™ai eu deux expÃ©riences avec le site darty.com mais est ce quâ€™ils vendent vraiment des articles ou tout est factice ? En juillet achat de la switch 2 pour un retrait en magasin. Ma commande nâ€™a jamais Ã©tÃ© facturÃ© ni prÃ©parÃ©e jâ€™ai annulÃ© et achetÃ© chez boulanger..
Et deuxiÃ¨me experience jâ€™ai commandÃ© lors du black friday un ordinateur portable avec une livraison annoncÃ©e le 3 decembre. Nous sommes le 5 et rien. Ma commande nâ€™a pas ete traitÃ© ni prÃ©levÃ©e et le delais est passÃ© au 11/12.
Je suis pourtant cliente darry max.. Je les soupÃ§onne de ne rien vendre en fait et pour contacter le service client il faut sâ€™accrocher aux branches. En bref je vais attendre et voir si ma commande est traitÃ©e un jour. jâ€™espÃ¨re avant lâ€™hiver prochain"
05/12/2025,5/5,"Commande internet
Commande Rapide sur internet et rÃ©ception au magasin fluide (place de parking, pas dâ€™attente,â€¦). Le produit rÃ©pond Ã  mes attentes. Je suis trÃ¨s satisfait du Darty dâ€™ollioules.
Je recommande."
05/12/2025,1/5,"Une escroquerie site Ã  Ã©viter
Ma commande du 21 novembre n'a pas Ã©tÃ© livrÃ© et ils ne veulent pas me rembourser. Je suis Ã©tonnÃ©e, je croyais cette sociÃ©tÃ© sÃ©rieuse et ce n'est pas le cas. Ils m'envoient des messages me disant que le problÃ¨me va Ãªtre solutionnÃ© mais rien...."
05/12/2025,1/5,"Nul, fourbe, attention
Les promotions annoncÃ©es sont sous condition d'abonnement payant mensualusÃ©, mydarty, donc c'est une arnaque , et j'ai donc payÃ© mon article plus cher qu'ailleur, car je ne souhaite vraiment payer un abonnement Ã  la surconsomation mensuelle...bien Ã©videment stipulÃ© en minuscules caractÃ©res ..je m'en suis aoerÃ§u qu'aprÃ©s paiement :( c'est malhonnÃ¨te, fourbe......"
05/12/2025,5/5,"ma Nouvelle cuisine

Je suis allÃ©e chez Darty par hasard, et j'ai vu une cuisine qui me plaisait. Mon concepteur, Hermann, sur de simples photos a rÃ©alisÃ© un projet qui est trÃ¨s vite devenu ma nouvelle cuisine. Il a Ã©tÃ© Ã  l'Ã©coute et a su crÃ©er un projet que j'ai adoptÃ© aussitÃ´t. Bravo.

C'Ã©tait en juillet, et tout ensuite s'est dÃ©roulÃ© comme prÃ©vu.
La prise de mesure effectuÃ©e, les meubles et l'Ã©lectromÃ©nager ont pu Ãªtre commandÃ©s fin aout avec une livraison en octobre.
Et c'est ce qui est arrivÃ©.

Le 28 octobre, les livreurs sont lÃ  comme convenu, quelle efficacitÃ© ! Merci Ã  eux.

Pendant ce temps, les poseurs ont dÃ©montÃ© l'ancienne cuisine en 2H.
Et l'installation de la nouvelle a commencÃ©.
Je remercie Dylan et JÃ©rÃ©mie pour le travail rÃ©alisÃ© :
Deux jours de pose avec une minutie que je n'avais pas vu depuis une bonne trentaine d'annÃ©es. Tout a Ã©tÃ© installÃ© au millimÃ¨tre.
Et quelle gentillesse malgrÃ© bon nombre de questions qui ont toutes obtenu des rÃ©ponses.
Je tiens Ã  les fÃ©liciter pour leur implication : extra.
La cuisine est terminÃ©e et c'est l'effet ""Whaouh"".

Le service aprÃ¨s vente s'est empressÃ© de faire le nÃ©cessaire pour les dÃ©tails qui surviennent dans ce genre de chantierâ€¦

Je suis absolument ravie : MERCI et BRAVO Ã  tous."
05/12/2025,5/5,"achat en magasin suivant les conseilsâ€¦
achat en magasin suivant les conseils du vendeur.
QualitÃ© du rasage mÃªme avec une barbe de qq jours et sans irritation"
08/11/2025,4/5,"Bonne expÃ©rience
TrÃ¨s bonne conseillÃ¨re, agrÃ©able et de bon conseil. Processus dâ€™achat plutÃ´t facile, proposition dâ€™assurance multimÃ©dia trÃ¨s intÃ©ressante."
08/11/2025,5/5,"QualitÃ© du service Darty
Les descriptions, comparaisons et conseils de Darty sur les produits sont toujours aussi prÃ©cieux."
08/11/2025,5/5,"Darty orange.
Darty orange.. ğŸ‘ Je recommande"
08/11/2025,5/5,"Livraison rapide et conforme Ã  mesâ€¦
Livraison rapide et conforme Ã  mes attentes"
08/11/2025,5/5,"Livraison rapide
Livraison rapide, prix intÃ©ressants, site de confiance."
08/11/2025,1/5,"Bon cadeau : vaste blague
Concernant lesbproduits et delais de livraison : bon voire trÃ¨s bons.
Cet avis ne concerne pas les achats : juste une remarque : Darty vous envoie des bons cadeaux, 90â‚¬ quand mÃªme cela semblait une vraie bonne surprise -suite Ã  achats- inexploitables (pas utilisables en ligne, refusÃ© en magasin . .
Les mails envoyÃ©s Ã  l'unique adresse mail sont retournÃ©s
Comme pour les sites de nombreuses enseignes : la possibilitÃ© de contact avec une ""vraie"" personne est quasi impossible"
08/11/2025,5/5,"TrÃ¨s bon accueil et bon conseil commeâ€¦
TrÃ¨s bon accueil et bon conseil comme d'habitude."
08/11/2025,5/5,"Moyen de chauffage en continu
Moyen de chauffage en continu, rÃ©glable et rapide"
08/11/2025,1/5,"Site pas serieux du tout s abstenirâ€¦
Site pas serieux du tout s abstenir recoit une table de salle a manger en kit du jamais vue les serreur ne serre pas et il ne rembourse pas l achat si on veut le retourner (remplacement des piece dedommagement 10 euro remplacement a neuf etc meme si le produit n est pas se que vous vouliez ) a eviter de tres loin"
08/11/2025,4/5,"LivrÃ© avec un peu de retard mais produit satisfaisant
LivrÃ© avec un peu de retard (la faute Ã  Apple) mais produit finalement satisfaisant et je suis content"
08/11/2025,5/5,"Tout s'est bien dÃ©roulÃ©
Tout s'est bien dÃ©roulÃ©, personnel patient, souriant et compÃ©tent"
08/11/2025,1/5,"Service rÃ©paration Ã  Ã©viter
Darty propose un service rÃ©paration auquel il ne faut surtout pas faire appel. Non seulement la prestation est onÃ©reuse mais les techniciens, qui ont certainement une pression de rendement, agissent vite et pas professionnellement. PiÃ¨ces non remontÃ©es, usure prÃ©maturÃ©e de la courroie dans mon cas. RÃ©sultat : remplacement de la courroie Ã  nouveau au bout de 18 mois."
08/11/2025,5/5,"Confiance tre bon produit
Confiance tre bon produit"
08/11/2025,2/5,"Tres dÃ©Ã§u par le service Darty +
Tres dÃ©Ã§u par le service Darty + . pris il y a plusieurs mois pour rÃ©parer un frigo General Electric j'apprends lors de la visite du technicien que celui ci n'est pas rÃ©parable car Darty ne dispose pas des piÃ¨ces de cette marque pourtant annoncÃ©e lors de la prise du contrat en magasin !!!
Puis panne avec une plaque de cuisson de marche MIELE aprÃ¨s trois visites le technicien annonce que la celle-ci est irrÃ©parable !"
08/11/2025,1/5,"Bonjour
Bonjour, darty vous Ãªtes des incompÃ©tents, je vais en magasins pour annulÃ© mon abonnement pour une assurance, on me donne un numÃ©ro a appeler on me renvoie a chaque fois a un autres centres 4 fois, ensuite quand j'ai eu le vrais numÃ©ro alors qu'on trouvais mon dossiers mais la personne ma dit il faut simplement faire un mail choses que j'ai faite, tout sa pour qu'au finale 1mois aprÃ¨s cette abonnement n'est pas annulÃ© et que je vais devoir Ãªtre prÃ©lever sa serais bien de remÃ©dier a vos mÃ©thodes."
08/11/2025,4/5,"Produit Ok
Produit Ok, prix correct, notice du fournisseur pas assez dÃ©taillÃ©e"
08/11/2025,1/5,"J'ai commandÃ© le 25/11/25 un aspirateurâ€¦
J'ai commandÃ© le 25/11/25 un aspirateur de la marque rowenta (allergy+) en neuf; et j'ai reÃ§u un appareil qui avait manifestement dÃ©jÃ  Ã©tÃ© utilisÃ©, avec de nombreuses rayures trÃ¨s voyantes sur l'appareil en lui mÃªme et sur un des accessoires, or j'ai payÃ© le prix du neuf. J'ai tentÃ© d'avoir un conseiller par whatsapp et Ã§a fait 3j que personne ne me rÃ©pond, il n'y a personne pour vous aider. C'est la premiÃ¨re fois que Ã§a m'arrive, quelle dÃ©ception !"
08/11/2025,1/5,"EscroquÃ© de 200â‚¬ par tÃ©lÃ©phone
La conseillÃ¨re a pris mes coordonnÃ©es de carte cadeau et a annulÃ© la vente aprÃ¨s lâ€™appel en fessant croire que câ€™Ã©tait une erreur me ma part. Dommage pour elle, jâ€™ai insistÃ© 1 Ã  2h par jour au tÃ©lÃ©phone pendant une semaine pour avoir gain de cause !!!

Darty nâ€™est pas FranÃ§ais. En tout cas certainement pas son SAV. Ils fuient leurs responsabilitÃ©s avec des robots au tÃ©lÃ©phone qui ne comprennent pas un mot de ce que vous dites et rÃ©pÃ¨tent en bouclent des phrases apprises par cÅ“ur et bien Ã©videmment aucun responsable ne reprend la communication."
08/11/2025,5/5,"Cuiseur Ã  Riz Thomson
Un vendeur s'est occupÃ© de moi rapidement. Il avait des retours d'utilisateurs sur le produit ce qui m'a rassurÃ©.
Je suis satisfaite du produit achetÃ©."
08/11/2025,5/5,"RAS parfait
RAS, prix imbattable, et service nickel"
26/11/2025,5/5,"OÃ» trouver du super matÃ©riel Ã  moindre prix ?
Navigation aisÃ©e pour trouver le produit, dÃ©lai de livraison court et respectÃ©. Produit conforme Ã  la description avec une migration des pluis aisÃ©es."
26/11/2025,1/5,"Cliente fidÃ¨le de ce magasins de plusâ€¦
Cliente fidÃ¨le de ce magasins de plus de30 ans, je fait Apple de leur service rÃ©paration lave linge au domicile que je Acheter chez eux ca fait plus de 15 ans, je passe par le site Ã©co systÃ¨me pour profiter de 50 e bonus rÃ©paration, la dame me rÃ©ponde il faut trouve le facture d'achat pour retire le 50 euros , en plus elle m'indique leur tarif de dÃ©placement pour trouve le panne environ 155 euros et peut Ãªtre avec le rÃ©paration , sans piÃ¨ces, dÃ©tachÃ©e a fournir, donc le technicien passe pour vous dire bonjour pour PLUS DE 155E,mais vraiment trÃ¨s dÃ©Ã§u, vraiment dommage pour un magasins trÃ¨s connue"
26/11/2025,3/5,"Concerne le service aprÃ¨s vente
Je suggÃ¨re de ne pas accepter l'envoi de piÃ¨ces dÃ©tachÃ©es par DPD, car la plage horaire de livraison est entre 8h00 et 18h00... Incompatible lorsqu'on travaille !
Et lorsqu'on demande le report au lendemain, rien.
ObligÃ© d'aller chercher le colis Ã  l'agence, Ã  17 km :-("
26/11/2025,5/5,"Pleinement satisfaite
Nous avons eu Ã  faire Ã  Mbark, vendeur trÃ¨s professionnel, de bon conseil, fait tout pour faciliter le client. Merci Ã  lui"
26/11/2025,5/5,"personnel de Darty trÃ¨s professionnelâ€¦
personnel de Darty trÃ¨s professionnel et trÃ¨s sympathique est venu l'apporter et l'installer trÃ¨s bien"
26/11/2025,3/5,"Je suis allÃ© plusieurs fois chez Dartyâ€¦
Je suis allÃ© plusieurs fois chez Darty et lâ€™accueil en magasin reste globalement agrÃ©able. Les vendeurs prennent le temps de rÃ©pondre aux questions et on a lâ€™impression quâ€™ils connaissent leurs produits.
En revanche, ma derniÃ¨re expÃ©rience avec leur service client pour un problÃ¨me technique mâ€™a clairement refroidi. Jâ€™ai eu un souci avec un robot pÃ¢tissier encore sous garantie et la rÃ©activitÃ© nâ€™a pas Ã©tÃ© au rendez-vous. Jâ€™ai dÃ» relancer plusieurs fois avant dâ€™obtenir des informations et jâ€™avais souvent lâ€™impression de parler Ã  des interlocuteurs diffÃ©rents qui ne suivaient pas vraiment le dossier. Au final, le problÃ¨me a Ã©tÃ© rÃ©glÃ©, mais beaucoup plus lentement que ce que jâ€™attendais."
26/11/2025,1/5,"Service client Ã  fuir mÃªme pour une grande enseigne. Je ne recommande absolument pas le service client de Darty. Je ne peux pas mettre ZÃ‰RO

Cela fait 2 ans que nous demandons une simple modification de numÃ©ro de tÃ©lÃ©phone sur un contrat Darty Pro Max. Deux ans, rien n'a Ã©tÃ© fait.

RÃ©sultat : ce matin, j'ai Ã©tÃ© rÃ©veillÃ©e Ã  3h20 (heure Guadeloupe) par un livreur en France mÃ©tropolitaine, appelÃ© 4 fois pour rÃ©ceptionner un colis DANS LE 91.
Quand j'appelle le service client :
- accueil dÃ©sagrÃ©able,
- on m'a raccrochÃ© au nez,
- aucune prise de responsabilitÃ©,
- aucun geste commercial,
- juste le classique Â« excusez-nous pour la gÃªne occasionnÃ©e Â».
Il a fallu cet incident pour qu'ils acceptent ENFIN (je l'espÃ¨re) de changer un numÃ©ro demandÃ© depuis 2 ans.
Je me rÃ©veille Ã  5h30 pour le travail, Ã  cause d'eux j'ai perdu une nuit de sommeil mais Ã§a ILS S'EN FICHENT !!!!!!

Inacceptable pour une grande enseigne comme Darty."
26/11/2025,4/5,"Mon expÃ©rience a Ã©tÃ© trÃ¨s bien
Mon expÃ©rience a Ã©tÃ© trÃ¨s bien. Seul petit bÃ©mol les dÃ©lais de livraison ne sont pas respectÃ© mÃªme lorsque lâ€™on paye plus pour Ãªtre livrÃ© plus rapidement"
26/11/2025,5/5,"Toujours bien conseillÃ©es personnel aâ€¦
Toujours bien conseillÃ©es personnel a l'Ã©coute et trouve toujours une solution"
26/11/2025,1/5,"Darty la Valentine MARSEILLE
Lors dâ€™un achat Ã  Darty (Grand V â€“ La Valentine Ã  Marseille) pendant le Black Friday, j'ai demandÃ© un paiement en 5 fois sans frais via Sofinco, leur partenaire, pour un ordinateur Ã  799,99 â‚¬.
Une employÃ©e a rempli une demande de crÃ©dit avec mes informations personnelles et a utilisÃ© un code Docusign que j'ai reÃ§u par SMS pour valider Ã  mon insu une signature Ã©lectronique.
Une fois chez moi, j'ai dÃ©couvert que j'Ã©tais engagÃ© dans un crÃ©dit renouvelable trÃ¨s coÃ»teux, avec intÃ©rÃªts Ã©levÃ©s, montant total dÃ» : 1131,40 â‚¬ au lieu de 799,99 â‚¬.
Le lendemain, je retourne au magasin pour annuler le contrat :
Mauvaise foi du personnel et du directeur en personne.
Le directeur prÃ©tend que câ€™Ã©tait juste une simulation, sans vÃ©rification. Paroles dans le vent et Direction qui s'en va en plein Ã©change, il n'assume pas ses responsabilitÃ©s. J'aurais parlÃ© Ã  un Ã©pouvantail Ã§a aurait Ã©tÃ© la mÃªme chose.
Je dois finalement payer lâ€™ordinateur comptant avec ma carte + espÃ¨ces. Car le magasin refuse le chÃ¨que (la blague jusqu'au bout)
Par sÃ©curitÃ©, le lendemain j'ai contactÃ© Sofinco directement, ayant perdu la foi en Darty :
â†’ Le crÃ©dit Ã©tait toujours actif malgrÃ© ce quâ€™on tâ€™avait dit en magasin !!!!!
J'ai donc utilisÃ© mon droit de rÃ©tractation sous 14 jours et reÃ§u confirmation par e-mail de Sofinco.
Je dÃ©nonce une pratique crapuleuse entre Darty et Sofinco, j'ai arnaquÃ© et humiliÃ© !!!
Alors que j'ai choisi de faire un achat responsable, encourageant l'Ã©conomie locale et franÃ§aise. L'humiliation doit changer de camp.
Pour moi : le Â« contrat de confiance Â» est rompu Ã  tout jamais."
26/11/2025,2/5,"Darty Max est une arnaque
Darty Max est une arnaque. Nous avons souscrit dÃ©but octobre suite au conseil du vendeur qui nous a indiquÃ© que tous nos appareils seraient pris en charge quelque soit la peine. 2 semaines aprÃ¨s la souscription notre aspirateur tombe en panne et lÃ  cela ne fonctionne pas car il fallait attendre un mois. De plus les personnes au tÃ©lÃ©phone ne comprennent rien. Nous avons voulu parler Ã  un responsable sans succÃ¨s. Fuyez!!!!"
26/11/2025,2/5,"Trop c'est trop
TrÃ¨s bon accueil de la vendeuse, explications techniques sur le produit trÃ¨s correctes MAIS au moment de passer la commande, multitudes de produits proposÃ©s franchement Darty Ã§a prend la tÃªte. Multiples services qui ne servent pas rÃ©ellement Ã  grands choses et que l'on veut nous faire prendre en passant que nous faisons une affaire ğŸ¤‘ğŸ¤® donc je suis parti au grand dam de la vendeuse."
26/11/2025,4/5,"Jâ€™ai achetÃ© ma plaque Ã  peine 1 moisâ€¦
Jâ€™ai achetÃ© ma plaque Ã  peine 1 mois dâ€™utilisation un dÃ©faut se forme au niveau de la plaque avant gauche une sorte de rayure blanche grossit pourtant cette partie je lâ€™ai utilisÃ© seulement 3 fois je ne comprends pas peut Ãªtre un dÃ©faut a se niveau. je suis vraiment dÃ©Ã§u si je lâ€™utilise encore ce cÃ´tÃ©, la tÃ¢che blanche va grossir. Et pourtant jâ€™ai payÃ© cher"
26/11/2025,5/5,"Je recommande le Darty deâ€¦Schweighouse-sur-Moder
Je recommande le Darty de Schweighouse-sur-Moder vÃ´tre collaborateur Lucas il m'a trÃ©s bien conseiller,il a mÃªme fait certaine manipulation sur mon tÃ©lÃ©phone pour que je recuper toutes mes donnes sur le nouveau tÃ©lÃ©phone.
il dirige trÃ©s bien ce magasin et souvent solicitÃ© par les collegues, pour des manipulations sur ordinateur .
Je recommande vivement Lucas."
26/11/2025,5/5,"vendeur sÃ©rieux et impliquÃ©
vendeur sÃ©rieux et impliquÃ©, connait bien ses produits. Processus d'achat sÃ©curisÃ©."
26/11/2025,5/5,"L'aspirateur que j'ai commandÃ© chezâ€¦
L'aspirateur que j'ai commandÃ© chez Darty m'a Ã©tÃ© envoyÃ© rapidement et dans son emballage d'origine, sans excÃ¨s de plastique et carton pour la planÃ¨te et il est arrivÃ© en bon Ã©tat. Je remercie Darty Ã©galement pour son excellent rapport qualitÃ©/prix."
26/11/2025,5/5,"Edit de mauvais commentaire : tout s'est arrangÃ©
Edit de mon mauvais commentaire : j'avais eu un problÃ¨me lors du black friday mais tout s'est arrangÃ© !

j'avais commandÃ© un tÃ©lÃ©phone haut de gamme avec un prix spÃ©cial blackfriday trÃ¨s intÃ©ressant (500 euros en moins), et les concurrents faisaient la mÃªme offre.

Mais 4 jours aprÃ¨s j'avais reÃ§u un message m'indiquant que la commande serait annulÃ©e car il n'en avait plus en stock....
et 4 jours plus tard il n'y avait plus l'offre blackfriday nulle part, je ne pouvais plus le commander Ã  ce prix ailleurs car prÃ©venu trop tard...

J'Ã©tais embÃªtÃ© car j'aurai pu commander chez les concurrents si j'avais Ã©tÃ© averti au moment de la commande ou juste plus tÃ´t.

Mais ils ont arrangÃ© le problÃ¨me, la commande n'a finalement pas Ã©tÃ© annulÃ©e, ils ont attendu le rÃ©assort, et quelques jours plus tard je recevais bien la commande, avec le prix spÃ©cial super avantageux.

merci !"
26/11/2025,1/5,"commande d'Ã©lectromÃ©nagerâ€¦et abus de confiance
Je passe une commande d'Ã©lectromÃ©nager chez Darty la dÃ©fense.au moment de la commande on le dit que je peux bÃ©nÃ©ficier de service gratuit comme payer en plusieurs fois sans frais et le vendeur le demande mon RIB..
Puis m'en oie vers un Service pour faire un... CrÃ©dit Sofinco ! Je refuse et paie comptant. Sauf que je reÃ§ois un mail de DARTY MAX. En fait mon RIB servait pour le prÃ©lÃ¨vement mensuel.
Le vendeur a abusÃ© de ma confiance ( j'ai 73 ans) le directeur a dÃ©fendu son vendeur.. me voilÃ  avec un prÃ©lÃ¨vement que je n'ai pas souhaitÃ© et souscrit par abus de confiance.
En outre 3 Ã©lectromÃ©nager sur 4 ont Ã©tÃ© livrÃ©s. J'attends le 4, depuis maintenant 3 semaines.
Appeler le numÃ©ro de DARTY: Attente 34 mn pour m'entendre dire . Qu'on ne sait pas quand on me livrera le produit manquant....
J'ai pourtant Ã©tÃ© dÃ©bitÃ©e immÃ©diatement de la totalitÃ© de ma commande.
Donc: abus de confiance, abus de faiblesse, livraison non suivie Commande du 14 novembre.. )
Je vais dÃ©poser plainte auprÃ¨s de la DRCF"
26/11/2025,1/5,"Dark Pattern! Arnaque
Dark Pattern!! On achÃ¨te un lave vaisselle neuf. et on reÃ§oit un mail Darty occasion, cela Ã©tait mentionnÃ©e nul part c'est vendu comme neuf on vous livre un article d'occasion au prix du neuf. Une belle arnaque"
26/11/2025,4/5,Ramette de papier de bonne qualitÃ©.
15/11/2025,5/5,"TrÃ¨s bon conseil et accueil sympathique
TrÃ¨s bon conseil et accueil sympathique"
15/11/2025,5/5,"Utilisation facile du site
Utilisation facile du site - Livraison en temps et en heure avec trÃ¨s bon suivi - Livreurs trÃ¨s corrects et respectueux des lieux."
15/11/2025,5/5,"Service rapide et efficace
Acheter en ligne chez Darty, c'est facile. Service rapide et efficace."
15/11/2025,1/5,"Darty : le service client le plus inexistant de France
Darty : plus quâ€™une dÃ©ception, un naufrage complet.

AprÃ¨s un achat dÃ©fectueux, jâ€™ai subi des semaines de galÃ¨re, de rÃ©ponses absurdes, dâ€™attente injustifiÃ©e. Ã‡a, dÃ©jÃ , câ€™Ã©tait lamentable.

Mais le pire est venu aprÃ¨s : une fois remboursÃ©, jâ€™ai simplement demandÃ© un geste commercial pour compenser le temps perdu et lâ€™incompÃ©tence flagrante du vendeur. Trois relances. ZÃ©ro rÃ©ponse. ZÃ©ro respect. ZÃ©ro professionnalisme.

Câ€™est Ã§a, Darty aujourdâ€™hui : prÃ©sents pour encaisser lâ€™argent, absents dÃ¨s que Ã§a concerne le service client.

Ce silence volontaire, cette maniÃ¨re dâ€™ignorer les clients dÃ¨s que Ã§a demande un effort, câ€™est rÃ©vÃ©lateur dâ€™une entreprise qui a totalement perdu son niveau, sa crÃ©dibilitÃ© et sa considÃ©ration envers ceux qui la font vivre.

Jâ€™ai perdu mon temps, ma patience et toute confiance en cette enseigne. Ils ont dÃ©finitivement perdu un client.

Si vous cherchez du service, du sÃ©rieux ou juste un minimum de respect : fuyez. Ce Darty-lÃ  nâ€™a plus rien Ã  voir avec celui quâ€™on connaissait.

Une expÃ©rience catastrophique, du dÃ©but Ã  la fin."
15/11/2025,1/5,"Arnaque et non un deal
Franchement, ce â€œdealâ€ sur lâ€™Instax Mini 12, câ€™est tout sauf une bonne affaire â€” câ€™est du flan marketing pur et simple. DÃ©but novembre, lâ€™appareil coÃ»tait 79 â‚¬, puis juste avant le Black Friday le prix monte Ã  90 â‚¬, pour descendre Ã  76 â‚¬ aujourdâ€™hui â€” soit Ã  peine moins cher quâ€™au dÃ©part. On se moque du monde.

Cette mÃ©thode de gonfler les prix avant une promo pour faire croire Ã  une rÃ©duction Ã©norme est une pratique malhonnÃªte â€” un ramassis de tromperies destinÃ©es Ã  piÃ©ger les consommateurs. Ce nâ€™est pas une baisse de prix, câ€™est un faux rabais.

Si vous cherchez du vrai rabais, passez votre chemin. LÃ , tout ce quâ€™on obtient, câ€™est un prix Ã  peu prÃ¨s Ã©quivalent Ã  ce quâ€™il valait avant la â€œpromoâ€. Quelle honte.

dgccrf prÃ©venu !"
15/11/2025,5/5,"Toujours de bons conseils des vendeursâ€¦
Toujours de bons conseils des vendeurs qui connaissent bien leurs produits. NÃ©anmoins, c'est surprenant de la part de Darty, le spÃ©cialiste du SAV, que l'on ne puisse pas avoir de piÃ¨ces dÃ©tachÃ©es de ce produit.
Super produit, fonctionne parfaitement et son prix est trÃ¨s convenable. Attention, si vous cassez une piÃ¨ce, il est impossible d'avoir des piÃ¨ces dÃ©tachÃ©es. Nous avons cassÃ© le filtre Ã  cause d'un mauvais assemblage des Ã©lÃ©ments en plastique de notre part et avons dÃ» racheter un appareil complet."
15/11/2025,1/5,"0 Ã©toile si je pouvais...
je ne commanderai plus rien chez Darty. Incapables de respecter les engagements de livraison. Il faut changer de mÃ©tier messieurs dames"
15/11/2025,4/5,"Bon Produit image et son de bonne qualitÃ©
Bon produit le son et l'image son de bonnes qualitÃ© Pour le rÃ©glages des prises HDMI (bonne qualitÃ©) c'est un peu galÃ¨re il faut chercher Le pied du tÃ©lÃ©viseur aurait pu Ãªtre un peu plus haut pour le passage des doigts en dessous de l'Ã©cran pour le dÃ©placer si besoin."
15/11/2025,1/5,"JachÃ¨te un ordinateur APPLEâ€¦
JachÃ¨te un ordinateur APPLE MBA13/M4/16/256/BC, le vendeur me demande si je veux souscrire Ã  un abonnement de 11â‚¬/mois pour bÃ©nÃ©ficier d'assurance rÃ©paration. je lui dis que non. il me dit qu'il va me faire bÃ©nÃ©ficier du pack microsoft office gratuit pendant 2 mois, ensuite, abonnement rÃ©siliable . je lui donne un RIB , il me demande un code envoyÃ© sur mon tÃ©lÃ©phone , je le lui donne, ce code est en fait, une signature Ã©lectronique!! Je me retrouve avec un abonnement de 20â‚¬/mois, glissÃ© de maniÃ¨re insidieuse. je m'en suis apperÃ§u en lisant mes mails! mensonge pour les 11â‚¬/mois, tour de passe-passe pour l'abonnement DARTY SEREN23 DUO PERSO M, couteux et bidon j'ai failli annuler la vente et puis je n'ai fait que rÃ©silier mon abonnement. C'est le dernier achat pour moi chez DARTY."
15/11/2025,1/5,"Affichage de prix diffÃ©rente la semaine et le week-end
Premier vendredi du black friday, je viens pour acheter un iPhone 16 pro max 256Go en promotion Ã  1099â‚¬. Malheureusement mon iPhone nâ€™Ã©tait pas sauvegardÃ© donc le vendeur de cap 3000 (monsieur aboubakar) me dit de revenir le lendemain. Je mâ€™assure de la disponibilitÃ© du tÃ©lÃ©phone pour revenir le lendemain en demandant au vendeur si Ã§a sera toujours bon. Le vendeur me rÃ©pond quâ€™il nâ€™y aura aucun problÃ¨me. Je reviens lendemain matin le tÃ©lÃ©phone est affichÃ© Ã  1300â‚¬ au lieu de 1099â‚¬ la veille. Le vendeur me dit en prime Â« câ€™Ã©tait peut Ãªtre que le vendredi du black friday Â», pourtant tout le magasin Ã©tait en promotion, et le tÃ©lÃ©phone en question affichÃ© avec une belle affiche black friday 1300â‚¬ jusquâ€™au 1er dÃ©cembre inclus . Aucun geste ne mâ€™a Ã©tÃ© fait alors que le vendeur mâ€™avait assurÃ© quâ€™aucun changement nâ€™aura lieu sur le tÃ©lÃ©phone.
En supplÃ©ment, Darty me propose de reprendre mon tÃ©lÃ©phone 150â‚¬ alors quâ€™en faisant la reprise sur leur site internet, la reprise Ã©tait affichÃ©e Ã  220â‚¬. Quel manque dâ€™honnÃªtetÃ©â€¦pas sÃ»r que ce soit trÃ¨s lÃ©gal. Ã€ fuir ce magasin"
15/11/2025,4/5,"Excellente Ã©coute client
Excellente Ã©coute client"
15/11/2025,5/5,"Pas dÃ©Ã§u comme d'habitude
Pas dÃ©Ã§u comme d'habitude"
15/11/2025,4/5,"Enseigne de gage de confiance et deâ€¦
Enseigne de gage de confiance et de bons services normalement"
15/11/2025,5/5,"Excellent
HabituÃ©s de notre magasin nous sommes toujours trÃ¨s bien accueillis et conseillÃ©s Pour le moment nous sommes trÃ¨s content de notre lave linge . Le plus la connexion wifi et le partage ce qui permet Ã  plusieurs personnes de pouvoir le programmer Ã  distance et ajuster les rÃ©glages des programmes"
15/11/2025,5/5,"Une Ã©quipe souriante et agrÃ©able
Une Ã©quipe souriante et agrÃ©able"
15/11/2025,4/5,Commande livrÃ©e le jour dit
15/11/2025,5/5,"Magasin agrÃ©able et service compÃ©tent
Magasin agrÃ©able et service compÃ©tent"
15/11/2025,3/5,"Darty trÃ¨s pros comme d'habitude
Darty trÃ¨s pros comme d'habitude. Petit bÃ©mol pour les livreurs trÃ¨s gentils et tout mais ils ont montÃ© le sÃ¨che linge sur le lave linge Ã  la va vite et j'ai du refaire en rentrant du travail."
15/11/2025,5/5,"TrÃ¨s bien
TrÃ¨s bien, contact, livraison et Ã©quipes sympas."
15/11/2025,1/5,"Ne pas faire confiance au responsableâ€¦
Ne pas faire confiance au responsable des ventes Ã  Ã‰vreux Darty, un gros menteur. Il y a une quinzaine de jours, il mâ€™a dit qu'il n'y aurait pas de Black friday sur les aspirateurs laveur Rovetta et lÃ  ils sont 100 euros moins chers, c'est fini les achats chez Darty maintenant, cela sera Boulanger."
13/11/2025,5/5,"Les bon explications sur le produit
Les bon explications sur le produit"
13/11/2025,1/5,"vendeur menteur
vendeur menteur
le black friday devais Ãªtre compris jusqu'au 30 novembre, mais lorque je me rends dans un magasin le 29 novembre, l'objet n'est plus en promo.
On me dit que c'Ã©tait une promo flash du 24 et 25 novembre, or j'ai partagÃ© l'article le 23 novembre pour montrer le prix Ã  quelqu'un et le 28 j'ai regardÃ© les prix et les conditions afin de l'acheter en magasin.
et sur internet on me dit que c'est une condition de stock, que je vois nullement dans les conditions."
13/11/2025,1/5,"Livraison lave vaisselle
Livraison prÃ©vue ce jour de mon lave vaisselle. Aucun message ni aucun appel reÃ§u. Je suis restÃ©e chez moi toute la journÃ©e pour une livraison qui n'est jamais arrivÃ©e, et impossible de joindre qui que ce soit par tÃ©lÃ©phone. Le numÃ©ro 09XXX a eu l'amabilitÃ© de m'envoyer un lien sÃ©curisÃ© qui m'a redirigÃ© sur whatsapp. J'ai postÃ© un message Ã  11h58, il est 18h01, toujours aucune rÃ©ponse. Idem cÃ´tÃ© BOT du site internet. SollicitÃ© 2 fois aujourd'hui, avec Ã  chaque fois ""DÃ©solÃ©, pas de conseiller dispo"". Quelle belle promesse le service client ouvert 7 jours/7. Les conseillers semblent Ãªtre des fantÃ´mes...
Une client qui a franchement l'impression d'Ãªtre prise pour une imbÃ©cile."
13/11/2025,4/5,"Service conforme a l attente
Livraison sans pb. Prix interessant. Par contre le site ne prÃ©cise pas les inconvÃ©nients du produit."
13/11/2025,5/5,"Bonne accueille ,jeune femme agrÃ©able
Bon accueil ,jeune femme agrÃ©able, souriante , serviable et rapide ,achetÃ© 2 appareilles Ã  raclette ,la vendeuse m a accompagnÃ©e jusqu' Ã  ma voiture pour m aider merci.
Darty St Paul Les Romans"
13/11/2025,2/5,"DÃ©ception
Jâ€™avais un Miele
Rien Ã  voir"
13/11/2025,5/5,"TrÃ¨s bon appareil
TrÃ¨s bon appareil
Ordinateur portable, avec une autonomie trÃ¨s bon et une bonne fluiditÃ©"
13/11/2025,4/5,"Bon appareil
Bon accueil et bonne Ã©coute"
13/11/2025,1/5,"Imprimante pas livrÃ©e aprÃ¨s 7jours
Je commande une imprimante.
Darty a choisi colissimo pour livrer.
Devais Ãªtre livrÃ©e le 25 novembre.
Samedi 30, toujours pas livrÃ©e.
C'est une vaste fumisterie.
Pourquoi choisir un prestataire de services indÃ©licat et incompÃ©tent ?"
13/11/2025,1/5,"Chez DARTY Saint GrÃ©goire (Rennes)
Chez DARTY Saint GrÃ©goire (Rennes), lors de l'achat on vous promet monts et merveilles : Achetez et nous nous occupons du reste! La rÃ©alitÃ© est toute autre chose: Blender MOULINEX SOUS GARANTIE, aprÃ¨s chaque utilisation des dÃ©pÃ´ts sont visibles sur le joint du fond qui est scellÃ© avec 2 vis inaccessibles. Chez ce distributeur on m'a rÃ©pondu qu'il faudra se livrer Ã  cette opÃ©ration aprÃ¨s CHAQUE UTILISATION. Un vendeur s'est livrÃ© Ã  cette opÃ©ration par DEUX FOIS et celle-ci s'est avÃ©rÃ©e TRÃˆS LABORIEUSE. RÃ©sultat: REFUS de remplacer l'appareil par un Ã©quivalent, REFUS de demander au constructeur des explications. MERCI DARTY et surtout AU REVOIR. PLUS JAMAIS AVEC MOI, NI AVEC MON ENTOURAGE."
13/11/2025,5/5,"TrÃ¨s agrÃ©ableLâ€™accueil dans le magasin Darty estâ€¦
Lâ€™accueil dans le magasin Darty est trÃ¨s agrÃ©able, on sent que lâ€™on est prÃªt Ã  nous aider, mais sans vouloir nous vendre absolument."
13/11/2025,4/5,"Le prix est tres bon la plateforme deâ€¦
Le prix est tres bon la plateforme de livraison/retrait est trÃ¨s rapide"
13/11/2025,5/5,"lave linge Whirpool
bon produit a voir sur la durÃ©e"
13/11/2025,5/5,"Livraison soignÃ©e et rapide et avec unâ€¦
Livraison soignÃ©e et rapide et avec un bon suivi, personnel Ã  lâ€™Ã©coute. Une sÃ©lection dâ€™article exhaustive !"
13/11/2025,5/5,"TrÃ¨s bien
MalgrÃ© une livraison un peu tardive tout s'est bien passÃ©."
13/11/2025,4/5,"Le service est un peu compliquÃ© Ã â€¦
Le service est un peu compliquÃ© Ã  joindre. Mais en gÃ©nÃ©ral ca va. J'ai recu mon produit, avec un retard."
13/11/2025,1/5,"ARNAQUE
ARNAQUE. En dÃ©but de semaine, sur le site de DARTY j'achÃ¨te une tÃ©lÃ© Ã  412â‚¬ Vendu et expÃ©diÃ© par Super10Count. Je reÃ§ois un mail m'informant que ma commande est validÃ©e et en cours de prÃ©paration. Et 3 jours plus tard on m'informe que ma commande est annulÃ©e et remboursÃ©e. Je m'aperÃ§ois sur le site de Darty que ce n'est pas parce que la tÃ©lÃ© n'est plus disponible mais parce que maintenant la tÃ©lÃ© est vendu Ã  545â‚¬. DARTY doit Ãªtre responsables des vendeurs avec lesquels il travaille et propose des produits."
13/11/2025,5/5,"TrÃ¨s satisfait
TrÃ¨s satisfait. Produit tombÃ© en panne la veille de la fin de garantie et remplacÃ© avec une nouvelle garantie de deux ans."
13/11/2025,1/5,"Je viens d'acheter un appareil photoâ€¦
Je viens d'acheter un appareil photo chez Darty, aucun conseils, aucun choix, il faut mieux commander sur internet au moins vous avez les fiches techniques, je ne recommande pas, appareil sans viseur et trÃ¨s cher, pas du tout ce que je voulais....je regrettes mon achat, vraiment pas sÃ©rieux !"
13/11/2025,1/5,"DARTY MAX, A FUIR ABSOLUMENT
J'Ã©cris ce commentaire au sujet du service Garantie DARTY MAX.
A ne surtout pas contracter.
A ce service DAERTY MAX vous payez un abonnement mensuel de 11,99E ou 16,99E pour avoir la sÃ©rinitÃ© sur l'entretien et la rÃ©paration de vos objets electromÃ©nagers ou multimÃ©dia achetÃ©s chez Darty ou ailleurs.
C'est une ttrÃ©s belle arnaque. Ma cavbe Ã  vin est tombÃ©e en panne. Je fais fonctionner la garantie. Un technicien passe mais m'annonce que la rÃ©paration est au dessus du prix. Donc dossier non viable economiquemet. Et il repart. Ma cave Ã  vins reste donc inutilisable, MAIS je continue A PAYER cet abonnement pendant la durÃ©e qui me reste d'engagement. Je vierns de suite de rÃ©silier cet abonnement.
JE VOUS CONSEILLLE DONC DE NE JAMAIS PRENDRE LA GARANTIE DARTY MAX. C'est purement du bluf commercial en magasin ou sur leiur site internet.
A EVITER ABSOLUMENT."
